id;uid;code;name;created;updated;url;external;contenttype;attachment
1;invoice Tan;Fantastic National;Gourde hacking;2022-11-19T21:54:42;2022-11-20T07:59:32;https://otto.net;true;Maine Chicken;true
2;Investor;hacking Intelligent hack;program fault-tolerant;2022-11-20T16:36:17;2022-11-20T04:26:13;https://salvador.biz;false;orchid;true
3;Cambridgesh;sensor Account;Money copy;2022-11-20T17:56:48;2022-11-20T18:52:02;https://alexie.info;false;bi-directional;true
4;Games;Forward Borders;payment orchid;2022-11-20T17:12:14;2022-11-20T04:04:59;https://frida.net;false;turquoise scalable Beauty;false
5;Health Geor;Account Tactics;Checking dynamic;2022-11-20T07:31:30;2022-11-20T06:09:23;http://gabe.name;false;Buckinghamshire;false
6;stable depo;Berkshire Cameroon;composite Fantastic;2022-11-20T05:43:00;2022-11-20T14:41:10;https://devin.name;false;Senior pink Shirt;false
7;Diverse up;Georgia Accounts XSS;Arkansas;2022-11-20T13:02:18;2022-11-20T13:23:50;http://luigi.biz;false;Investor Inverse redefine;false
8;compress;Forward toolset;Music;2022-11-20T15:12:45;2022-11-20T20:22:13;http://eudora.name;false;optimizing Cambridgeshire;false
9;Books;payment turquoise;architect;2022-11-20T00:47:34;2022-11-20T02:24:16;http://beth.biz;true;Accountability scale;false
10;incentivize;Fish Borders matrix;orange red alarm;2022-11-20T12:09:13;2022-11-20T04:27:00;http://toni.org;false;Creative generation Right-sized;false
